{
    "vx300s": {
        "meshes": "~/Workspaces/interbotix_ws/src/interbotix_ros_manipulators/interbotix_ros_xsarms/interbotix_xsarm_descriptions/meshes/vx300s_meshes/", 
        "urdf": "./vx300s.urdf", 
        "M": [
            [0.06876377737860334, -0.0005056527410784615, -0.00028279810935748976, 0.000010155212722122857, 0.0004240096238415313, 0.000002584853006351827, 0.0024472469075426323, 0.0024472469075426323],
            [-0.0005056527410784615, 0.1582853833342141, 0.05101149308932666, 0.011892428176855575, 0.00014495248978138928, -6.136340959673144e-13, -0.0020132164084029945, -0.0020132164084029945],
            [-0.00028279810935748976, 0.05101149308932666, 0.1041925406644383, 0.019076532826430143, 0.00023862462038902785, -1.041306890740881e-12, -0.0032419879536877395, -0.0032419879536877395],
            [0.000010155212722122857, 0.011892428176855575, 0.019076532826430143, 0.005656120423193295, 0.00007595922882253786, -2.986360219039936e-13, -0.0011081771471765783, -0.0011081771471765783],
            [0.0004240096238415313, 0.00014495248978138928, 0.00023862462038902785, 0.00007595922882253786, 0.0007291535985100971, 0.000004297900000006505, 0, 0],
            [0.000002584853006351827, -6.136340959673144e-13, -1.041306890740881e-12, -2.986360219039936e-13, 0.000004297900000006505, 0.000004297900000006505, 0, 0],
            [0.0024472469075426323, -0.0020132164084029945, -0.0032419879536877395, -0.0011081771471765783, 0, 0, 0.034796, 0],
            [0.0024472469075426323, -0.0020132164084029945, -0.0032419879536877395, -0.0011081771471765783, 0, 0, 0, 0.034796]
            ], 
        "C": [[0.0, 0.0, 0.0, 0.0, 0.0, 0.0, 0.0, 0.0], 
        [0.0, 0.0, 0.0, 0.0, 0.0, 0.0, 0.0, 0.0], 
        [0.0, 0.0, 0.0, 0.0,  0.0, 0.0, 0.0, 0.0], 
        [0.0, 0.0, 0.0, 0.0, 0.0, 0.0, 0.0, 0.0], 
        [0.0, 0.0, 0.0, 0.0, 0.0, 0.0, 0.0, 0.0], 
        [0.0, 0.0, 0.0, 0.0, 0.0, 0.0, 0.0, 0.0], 
        [0.0, 0.0, 0.0, 0.0, 0.0, 0.0, 0.0, 0.0], 
        [0.0, 0.0, 0.0, 0.0, 0.0, 0.0, 0.0, 0.0]], 
        "g": [-2.168404344971009e-18, 2.639528174039911, -2.445373872732327, -0.3378121377850761, -0.004250047886037231, 1.940416904742445e-11, 0.055751245056384714, 0.055751245056384714], 
        "J": [
            [0.0, -0.12705, -0.42705, 0.0, -0.42705, 0.0, 0.0, 0.0, 0.0], 
            [0.0, 0.0, 0.0, 0.42705, 0.0, 0.42705, 0.0, 0.0, 0.0], 
            [0.0, 0.0, 0.05955, 0.0, 0.35955000000000004, 0.0, 0.0, 0.0, 0.0], 
            [0.0, 0.0, 0.0, 1.0, 0.0, 1.0, 0.0, 0.0, 0.0], 
            [0.0, 1.0, 1.0, 0.0, 1.0, 0.0, 0.0, 0.0, 0.0], 
            [1.0, 0.0, 0.0, 0.0, 0.0, 0.0, 0.0, 0.0, 0.0]
        ]
        }, 

    "rx150": {
        "meshes": "~/Workspaces/interbotix_ws/src/interbotix_ros_manipulators/interbotix_ros_xsarms/interbotix_xsarm_descriptions/meshes/rx150_meshes/", 
        "urdf": "rx150.urdf", 
        "M":[[0.010383676154181775, 1.9283943913232697e-05, -0.00010735309590607883, -5.1579264321691334e-05, -0.0028433530866291694, -1.0852122485214775e-06, -0.001516304446763028, -0.001516304446763028], [1.9283943913232697e-05, 0.023284277319228164, 0.007665637623005733, 0.0021832730748863093, -3.086531040523085e-05, -4.330007023104318e-09, 2.528320769324419e-05, 2.528320769324419e-05], [-0.00010735309590607883, 0.007665637623005733, 0.020444909135600098, 0.0058846186544989874, 7.494274319350866e-05, 1.8743582054134076e-08, -0.0015945512293697173, -0.0015945512293697173], [-5.1579264321691334e-05, 0.0021832730748863093, 0.0058846186544989874, 0.005062545866014455, 5.178451604397904e-05, 1.3693461587576714e-08, -0.0012400177835472019, -0.0012400177835472019], [-0.0028433530866291694, -3.086531040523085e-05, 7.494274319350866e-05, 5.178451604397904e-05, 0.003076033791487882, 1.1156076719763623e-06, 0.0, 0.0], [-1.0852122485214775e-06, -4.330007023104318e-09, 1.8743582054134076e-08, 1.3693461587576714e-08, 1.1156076719763623e-06, 1.1156076719763623e-06, 0.0, 0.0], [-0.001516304446763028, 2.528320769324419e-05, -0.0015945512293697173, -0.0012400177835472019, 0.0, 0.0, 0.016246, 0.0], [-0.001516304446763028, 2.528320769324419e-05, -0.0015945512293697173, -0.0012400177835472019, 0.0, 0.0, 0.0, 0.016246]],
        "C": [[0.0, 0.0, 0.0, 0.0, 0.0, 0.0, 0.0, 0.0], [0.0, 0.0, 0.0, 0.0, 0.0, 0.0, 0.0, 0.0], [0.0, 0.0, 0.0, 0.0, 0.0, 0.0, 0.0, 0.0], [0.0, 0.0, 0.0, 0.0, 0.0, 0.0, 0.0, 0.0], [0.0, 0.0, 0.0, 0.0, 0.0, 0.0, 0.0, 0.0], [0.0, 0.0, 0.0, 0.0, 0.0, 0.0, 0.0, 0.0], [0.0, 0.0, 0.0, 0.0, 0.0, 0.0, 0.0, 0.0], [0.0, 0.0, 0.0, 0.0, 0.0, 0.0, 0.0, 0.0]], 
        "g": [0.0, -0.9805061181123722, -0.7183321630735502, -0.18678750370155003, 1.8988857953999996e-07, 0.0, 0.0, 0.0], 
        "J": [[0.0, -0.10457, -0.25456999999999996, -0.25456999999999996, 0.0, 0.0, 0.0, 0.0], [0.0, 0.0, 0.0, 0.0, 0.25456999999999996, 0.0, 0.0, 0.0], [0.0, 0.0, 0.05, 0.2, 0.0, 0.0, 0.0, 0.0], [0.0, 0.0, 0.0, 0.0, 1.0, 0.0, 0.0, 0.0], [0.0, 1.0, 1.0, 1.0, 0.0, 0.0, 0.0, 0.0], [1.0, 0.0, 0.0, 0.0, 0.0, 0.0, 0.0, 0.0]]
        },
    
    "rx200":{
        "meshes": "~/Workspaces/interbotix_ws/src/interbotix_ros_manipulators/interbotix_ros_xsarms/interbotix_xsarm_descriptions/meshes/rx200_meshes/", 
        "urdf": "rx200.urdf", 
        "M": [
            [0.02742171088584827, -9.226954143286112e-06, -3.085408251602285e-07, -3.085408251602286e-07, -0.0002913217589574059, 0.0, 0.005601880736000001, 0.005601880736000001], 
            [-9.226954143286112e-06, 0.04214853516748955, 0.022316140205184035, 0.009251036547926033, 9.066506490144405e-07, 0.0, 0.0, 0.0], 
            [-3.085408251602285e-07, 0.022316140205184035, 0.018312567528884036, 0.007989211931626033, 9.076184807144404e-07, 0.0, 0.0, 0.0], 
            [-3.085408251602286e-07, 0.009251036547926033, 0.007989211931626033, 0.005058694647376032, 9.105219758144404e-07, 0.0, 0.0, 0.0], 
            [-0.0002913217589574059, 9.066506490144405e-07, 9.076184807144404e-07, 9.105219758144404e-07, 0.0030613555884428123, 1.1156076719763623e-06, 0.0, 0.0], 
            [0.0, 0.0, 0.0, 0.0, 1.1156076719763623e-06, 1.1156076719763623e-06, 0.0, 0.0], [0.005601880736000001, 0.0, 0.0, 0.0, 0.0, 0.0, 0.016246, 0.0], 
            [0.005601880736000001, 0.0, 0.0, 0.0, 0.0, 0.0, 0.0, 0.016246]
        ], 
        "C": [[0.0, 0.0, 0.0, 0.0, 0.0, 0.0, 0.0, 0.0], [0.0, 0.0, 0.0, 0.0, 0.0, 0.0, 0.0, 0.0], [0.0, 0.0, 0.0, 0.0, 0.0, 0.0, 0.0, 0.0], [0.0, 0.0, 0.0, 0.0, 0.0, 0.0, 0.0, 0.0], [0.0, 0.0, 0.0, 0.0, 0.0, 0.0, 0.0, 0.0], [0.0, 0.0, 0.0, 0.0, 0.0, 0.0, 0.0, 0.0], [0.0, 0.0, 0.0, 0.0, 0.0, 0.0, 0.0, 0.0], [0.0, 0.0, 0.0, 0.0, 0.0, 0.0, 0.0, 0.0]], 
        "g": [0.0, -0.9805061181123722, -0.7183321630735502, -0.18678750370155003, 1.8988857953999996e-07, 0.0, 0.0, 0.0], 
        "J": [[0.0, 0.056134904977232725, 0.16602280489642404, 0.11469209943859769, -0.0707294613170573, 0.0, 0.0, 0.0], [0.0, -0.08822560480493773, -0.26093323537894875, -0.18025825185635086, -0.045002713202161676, 0.0, 0.0, 0.0], [0.0, 0.0, -0.0244279305889946, 0.15123283825490644, 0.0, 0.0, 0.0, 0.0], [0.0, -0.8436990035855191, -0.8436990035855191, -0.8436990035855191, 0.1534852279195284, 0.0, 0.0, 0.0], [0.0, -0.5368165341611622, -0.5368165341611622, -0.5368165341611622, -0.2412282886613279, 0.0, 0.0, 0.0], [1.0, 0.0, 0.0, 0.0, -0.9582542447388467, 0.0, 0.0, 0.0]]
    }
}